"id","site","job_url","job_url_direct","title","company","location","date_posted","job_type","salary_source","interval","min_amount","max_amount","currency","is_remote","job_level","job_function","listing_type","emails","description","company_industry","company_url","company_logo","company_url_direct","company_addresses","company_num_employees","company_revenue","company_description"
"gd-1009586464703","glassdoor","https://www.glassdoor.co.in/job-listing/j?jl=1009586464703","","Associate Software Engineer","NextBridge Solutions","Pune","2025-01-05","","","","","","",False,"","","organic","","An Inspiring Work Culture \\| Flexible Working Hours \\| Work Like Never Before
  
### **Recent Graduates**

We offers technical and business internships to students for 2 to 6 months and also full\\-time opportunities designed to empower you. Imagine the impact you can have and jumpstart your career. As we have successfully completed 5 yrs of execution.
### **Experienced Professionals**

Want to make a difference? So do we. Step in to explore the wealth of career opportunities and take your career to the next level.
  
Associate Software Engineer


  
**Job Description:**

**Roles and Responsibilities and Skills required for the profile:**

* Knowledge of one database SQL, Oracle, PostgreSQL, Informix/Sybase.
* Experience on web development HTML, PHP, ASP.Net, HTML5
* CTI (Computer Telephony Integration) based application development.
* Min one Programming knowledge on .Net, Java, Linux scripting, XML/VXML/CCXML.
* Knowledge on windows and Linux OS is must
* Basic knowledge on networking.
* Excellent written and oral communication skills in English Language.
* Willing to Travel on site
* Selected candidates have to sign two years of bond.
* Conducting analysis of website and application requirements.
* Writing back\\-end code and building efficient PHP modules.
* Developing back\\-end portals with an optimized database.
* Knowledge of PHP web frameworks including Yii, Laravel, and CodeIgniter.
* Proficient with code versioning tools including Git, Mercurial, CVS, and SVN

**Requirements:**

* Must have knowledge in Angular JS, NodeJS, Java script. And, HTML5, Web Services.
* Education Qualification (Degree/Branch): BCA, B.tech, BE
* Able to work with minimal supervision
* Excellent listeningand presentation skills","","https://www.glassdoor.co.in/Overview/W-EI_IE5077414.htm","https://media.glassdoor.com/sql/5077414/nextbridge-it-solutions-squarelogo-1644998540079.png","","","","",""
"gd-1009585413242","glassdoor","https://www.glassdoor.co.in/job-listing/j?jl=1009585413242","","Software Engineer","PhonePe","Bengaluru","2025-01-04","","direct_data","yearly",141000.0,907500.0,"INR",False,"","","organic","","**About PhonePe Group:**



PhonePe is India‚Äôs leading digital payments company with 50 crore (500 Million) registered users and 3\\.7 crore (37 Million) merchants covering over 99% of the postal codes across India. On the back of its leadership in digital payments, PhonePe has expanded into financial services (Insurance, Mutual Funds, Stock Broking, and Lending) as well as adjacent tech\\-enabled businesses such as Pincode for hyperlocal shopping and Indus App Store which is India's first localized App Store. The PhonePe Group is a portfolio of businesses aligned with the company's vision to offer every Indian an equal opportunity to accelerate their progress by unlocking the flow of money and access to services.


**Culture**



At PhonePe, we take extra care to make sure you give your best at work, Everyday! And creating the right environment for you is just one of the things we do. We empower people and trust them to do the right thing. Here, you own your work from start to finish, right from day one. Being enthusiastic about tech is a big part of being at PhonePe. If you like building technology that impacts millions, ideating with some of the best minds in the country and executing on your dreams with purpose and speed, join us!


**Challenges**



Building for Scale, Rapid Iterative Development, and Customer\\-centric Product Thinking at each step defines every day for a developer at PhonePe. Though we engineer for a 50million\\+ strong user base, we code with every individual user in mind. While we are quick to adopt the latest in Engineering, we care utmost for security, stability, and automation. Apply if you want to experience the best combination of passionate application development and product\\-driven thinking


**As a Software Engineer:**


* You will build Robust and scalable web\\-based applications You will need to think of platforms \\& reuse


* Build abstractions and contracts with separation of concerns for a larger scope


* Drive problem\\-solving skills for high\\-level business and technical problems.


* Do high\\-level design with guidance; Functional modeling, break\\-down of a module


* Do incremental changes to architecture: impact analysis of the same


* Do performance tuning and improvements in large scale distributed systems


* Mentor young minds and foster team spirit, break down execution into phases to bring predictability to overall execution


* Work closely with Product Manager to derive capability view from features/solutions, Lead execution of medium\\-sized projects


* Work with broader stakeholders to track the impact of projects/features and proactively iterate to improve them As a senior software engineer you must have


* Extensive and expert programming experience in at least one general programming language (e.g. Java, C, C\\+\\+) \\& tech stack to write maintainable, scalable, unit\\-tested code.


* Experience with multi\\-threading and concurrency programming


* Extensive experience in object\\-oriented design skills, knowledge of design patterns, and huge passion and ability to design intuitive module and class\\-level interfaces


* Excellent coding skills ‚Äì should be able to convert the design into code fluently


* Knowledge of Test Driven Development


* Good understanding of databases (e.g. MySQL) and NoSQL (e.g. HBase, Elasticsearch, Aerospike, etc)


* Strong desire to solving complex and interesting real\\-world problems


* Experience with full life cycle development in any programming language on a Linux platform


* Go\\-getter attitude that reflects in energy and intent behind assigned tasks


* Worked in a startups environment with high levels of ownership and commitment


* BTech, MTech, or Ph.D. in Computer Science or related technical discipline (or equivalent).


* 3\\-5 years of experience in the art of writing code and solving problems on a Large Scale.


* Experience in building highly scalable business applications, which involve implementing large complex business flows and dealing with a huge amount of data.


* An open communicator who shares thoughts and opinions frequently listens intently and takes constructive feedback.


**As a Software Engineer, good to have**


* The ability to drive the design and architecture of multiple subsystems


* Ability to break\\-down larger/fuzzier problems into smaller ones in the scope of the product


* Understanding of the industry‚Äôs coding standards and an ability to create appropriate technical documentation.
**PhonePe Full Time Employee Benefits (Not applicable for Intern or Contract Roles)**


* **Insurance Benefits \\-** Medical Insurance, Critical Illness Insurance, Accidental Insurance, Life Insurance
* **Wellness Program \\-** Employee Assistance Program, Onsite Medical Center, Emergency Support System
* **Parental Support \\-** Maternity Benefit, Paternity Benefit Program, Adoption Assistance Program, Day\\-care Support Program
* **Mobility Benefits \\-** Relocation benefits, Transfer Support Policy, Travel Policy
* **Retirement Benefits \\-** Employee PF Contribution, Flexible PF Contribution, Gratuity, NPS, Leave Encashment
* **Other Benefits \\-** Higher Education Assistance, Car Lease, Salary Advance Policy


***Working at PhonePe is a rewarding experience! Great people, a work environment that thrives on creativity, the opportunity to take on roles beyond a defined job description are just some of the reasons you should work with us. Read more about PhonePe*** ***on our blog******.***","","https://www.glassdoor.co.in/Overview/W-EI_IE2289138.htm","https://media.glassdoor.com/sql/2289138/phonepe-squareLogo-1657272795056.png","","","","",""
"gd-1009586173541","glassdoor","https://www.glassdoor.co.in/job-listing/j?jl=1009586173541","","Associate Software Engineer","Ecolab","Bengaluru","2025-01-04","","direct_data","yearly",900000.0,1000000.0,"INR",False,"","","organic","","* Good understanding of SFDC fundamental concepts (application, data and security), CRM domain knowledge (Sales Cloud) and Salesforce Lightning framework;
* Participate in the design, development, and testing of software components.
* Collaborate with senior engineers and team members to understand project requirements and deliverables.
* Write clean, efficient, and well\\-documented code.
* Participate in code reviews and learn from feedback to improve coding practices.
* Troubleshoot and debug software issues, providing timely resolutions.
* Continuously learn and apply new technologies and best practices in software development.

 **Our Commitment to Diversity and Inclusion**  

  

Ecolab is committed to fair and equal treatment of associates and applicants and furthering the principles of Equal Opportunity to Employment. Our goal is to fully utilize minority, female, and disabled individuals at all levels of the workforce. We will recruit, hire, promote, transfer and provide opportunities for advancement based on individual qualifications and job performance. In all matters affecting employment, compensation, benefits, working conditions, and opportunities for advancement, Ecolab will not discriminate against any associate or applicant for employment because of race, religion, color, creed, national origin, citizenship status, sex, sexual orientation, gender identity and expressions, genetic information, marital status, age, or disability.","","https://www.glassdoor.co.in/Overview/W-EI_IE222.htm","https://media.glassdoor.com/sql/222/ecolab-squareLogo-1675095437666.png","","","","",""
"gd-1009585510563","glassdoor","https://www.glassdoor.co.in/job-listing/j?jl=1009585510563","","Software Engineer (Cloud Storage)","NetApp","Bengaluru","2025-01-04","","direct_data","yearly",212500.0,890000.0,"INR",False,"","","sponsored","","**About NetApp**


NetApp is the intelligent data infrastructure company, turning a world of disruption into opportunity for every customer. No matter the data type, workload or environment, we help our customers identify and realize new business possibilities. And it all starts with our people.


If this sounds like something you want to be part of, NetApp is the place for you. You can help bring new ideas to life, approaching each challenge with fresh eyes. We embrace diversity and openness because it's in our DNA. Of course, you won't be doing it alone. At NetApp, we're all about asking for help when we need it, collaborating with others, and partnering across the organization \\- and beyond.


""At NetApp, we fully embrace and advance a diverse, inclusive global workforce with a culture of belonging that leverages the backgrounds and perspectives of all employees, customers, partners, and communities to foster a higher performing organization.""\\-George Kurian, CEO

**Job Summary**
---------------


NetApp is uniquely placed in the industry and in an enviable position partnering with major hyper scalers (AWS, GCP and Azure) which adds a new challenge for Service Oriented Architectures (SOA) driving innovation in the space of Cloud Fundamentals. Cloud Storage team is embarking on a new charter to address these challenges for Cloud native applications, of simplifying customer operations and being a key differentiator. Bring in your experience and expertise for the new frontier, to build best in class SaaS applications, woven with architecture and design that are deployed across multiple hyper scalers. This is an opportunity to challenge yourself with cutting\\-edge technologies and thrive.

**Key Responsibilities**
------------------------

* As a software engineer, your role would require you to do small sub\\-system designs, develop and optimize code, test and validate the subsystem design with high quality keeping customer use case under consideration
* As part of a larger team, you are required to work closely with team members and leadership in ensuring the overall team objectives are met as ONE team. Your partnership with other team members will be crucial to success of all customer deliverables
* While working with on customer problems, you are encouraged to actively participate in ideation and design discussion and be part of the innovation avenues
**Job Requirements**
--------------------

* 2\\+ years of industry experience in software development
* Proficiency in Programming languages like Golang / Java / Node.js
* Experience with docker, Kubernetes
* Exposures to developing SaaS applications for hyper scalers (AWS, GCP and Azure) are highly desirable
* Exposure with GitHub, Jenkins, Ansible, CI build systems and Automated Testing.

 **Preferred Qualifications**  

* Experience in Agile Software Development practices
* Good understanding of concepts related to storage architecture, data structures, and standard programming practices.
* Excellent written and verbal communication skills
**Education**
-------------


Masters or Bachelor‚Äôs degree in computer science or a related field or equivalent experience.

**Equal Opportunity Employer:**


NetApp is firmly committed to Equal Employment Opportunity (EEO) and to compliance with all laws that prohibit employment discrimination based on age, race, color, gender, sexual orientation, gender identity, national origin, religion, disability or genetic information, pregnancy, and any protected classification.

**Did you know...**


Statistics show women apply to jobs only when they're 100% qualified. But no one is 100% qualified. We encourage you to shift the trend and apply anyway! We look forward to hearing from you.

**Why NetApp?**


We are all about helping customers turn challenges into business opportunity. It starts with bringing new thinking to age\\-old problems, like how to use data most effectively to run better \\- but also to innovate. We tailor our approach to the customer's unique needs with a combination of fresh thinking and proven approaches.


We enable a healthy work\\-life balance. Our volunteer time off program is best in class, offering employees 40 hours of paid time off each year to volunteer with their favourite organizations. We provide comprehensive benefits, including health care, life and accident plans, emotional support resources for you and your family, legal services, and financial savings programs to help you plan for your future. We support professional and personal growth through educational assistance and provide access to various discounts and perks to enhance your overall quality of life.


If you want to help us build knowledge and solve big problems, let's talk.","","https://www.glassdoor.co.in/Overview/W-EI_IE5406.htm","https://media.glassdoor.com/sql/5406/netapp-squareLogo-1704954829155.png","","","","",""
"gd-1009584605819","glassdoor","https://www.glassdoor.co.in/job-listing/j?jl=1009584605819","","Junior Software Engineer I","Virim Infotech","Indore","2025-01-03","","direct_data","yearly",200000.0,600000.0,"INR",False,"","","organic","","**Qualifications :*** B.E, B.Tech, BCA, MCA students. (2023 or 2024 passouts)

 **Key Skills :*** Strong knowledge of any programming language
* Must be a good team player
* Strong interpersonal skills.
* Strong problem\\-solving, analytical skills.
* Demonstrated basic software development skills
* Flexible

 **Job Description :*** We are looking for fresh engineering graduates who are talented, smart, innovative engineers and who can help us create winning products. In exchange, we'll give you a workplace that you would love to work in.
* We're looking for innovators and people who love to build things.
* We are seeking an energetic, technical and creative professional to be part of a team of highly motivated and skilled developers.
  


##### ***Indore******,*** ***India***","","https://www.glassdoor.co.in/Overview/W-EI_IE4299486.htm","https://media.glassdoor.com/sql/4299486/virim-infotech-squareLogo-1724239007126.png","","","","",""
"gd-1009584783776","glassdoor","https://www.glassdoor.co.in/job-listing/j?jl=1009584783776","","PHP Laravel Developer","Conzenta Solutions Private Limited","Tirupp≈´r","2025-01-03","","direct_data","yearly",500000.0,600000.0,"INR",False,"","","sponsored","","We are seeking a highly skilled and experienced PHP / Laravel Developer to join our dynamic team. The ideal candidate will have a strong foundation in Laravel or PHP frameworks, HTML, CSS, and JavaScript, combined with expertise in Node.js, React, and AWS will be added advantage. As a PHP / Laravel Developer, you will play a pivotal role in designing, developing, and maintaining high\\-performance web applications while mentoring junior developers and ensuring best practices are followed.

**Key Responsibilities**:

* Develop, test, and maintain scalable web applications using Laravel, HTML, CSS, and JavaScript.
* Build and integrate robust backend APIs and services using Node.js and Laravel.
* Design responsive and dynamic user interfaces with React and modern CSS frameworks.
* Ensure the application is optimized for maximum speed and scalability.
* Leverage AWS services (e.g., EC2, S3, Lambda) for deploying and managing cloud\\-based applications.
* Collaborate with cross\\-functional teams, including designers, product managers, and other developers.
* Conduct code reviews, troubleshoot issues, and provide technical mentorship to junior team members.
* Stay updated on emerging technologies and propose innovative solutions to improve the development process.

**Qualifications:**

* Experience: Minimum of 3 years in web development, with a focus on Laravel, HTML, CSS, and JavaScript.
* Advanced Knowledge: Proficiency in Node.js, React, and AWS.
* Frontend Expertise: Strong understanding of responsive design principles and frontend optimization techniques.
* Backend Mastery: Experience in RESTful API development and database management (e.g., MySQL, PostgreSQL).
* AWS Skills: Hands\\-on experience with AWS services for application deployment and scaling.
* Tools \\& Frameworks: Familiarity with modern development tools such as Webpack, Git, and CI/CD pipelines.
* Soft Skills: Strong problem\\-solving abilities, excellent communication skills, and a collaborative mindset.

**Added Advantages:**

* Familiarity with microservices architecture.
* Knowledge of testing frameworks and methodologies (e.g., PHPUnit, Jest).
* Enhanced Application Trustworthiness, Compliance with Regulations, Reduced Technical Debt and Streamlined Maintenance

Job Types: Full\\-time, Permanent

Pay: ‚Çπ500,000\\.00 \\- ‚Çπ600,000\\.00 per year

Schedule:

* Day shift
* Fixed shift

Ability to commute/relocate:

* Tiruppur, Tamil Nadu: Reliably commute or planning to relocate before starting work (Preferred)

Education:

* Bachelor's (Preferred)

Experience:

* PHP: 3 years (Required)
* total work: 3 years (Required)
* software development: 3 years (Required)

Work Location: In person

Expected Start Date: 20/01/2025","","","","","","","",""
"gd-1009584590317","glassdoor","https://www.glassdoor.co.in/job-listing/j?jl=1009584590317","","Course and Curriculum Developer","I2GLOBAL VIRTUAL LEARNING PRIVATE LIMITED","India","2025-01-03","","direct_data","yearly",450000.0,500000.0,"INR",False,"","","sponsored","","**Job Description:**

**Position:** Course and Curriculum Developer  
**Industry:** EdTech/Professional Training  
**Focus Area:** Technology Upskilling

**Summary:**  
We are seeking a skilled Course and Curriculum Developer to design and develop innovative, engaging, and effective upskilling courses in technology. You will collaborate with industry experts, instructors, and the content production team to create high\\-quality curriculum materials tailored to learners looking to advance their technology careers.

**Key Responsibilities:**

* **Curriculum Design:**
* Conduct needs assessments to identify skill gaps and market demands.
* Develop learning objectives and outcomes for courses aligned with industry standards.
* Create modular, adaptable curricula for diverse learner groups.
* **Content Development:**
* Create engaging learning materials, such as slides, hands\\-on labs, projects, and video scripts.
* Incorporate innovative instructional design strategies (gamification, microlearning, etc.).
* Stay updated on new technology trends (AI, blockchain, cloud computing, etc.) to ensure content relevance.
* **Collaboration and Quality Assurance:**
* Work with subject matter experts (SMEs) to validate technical accuracy.
* Collaborate with visual designers, videographers, and platform engineers to produce courses.
* Review and iterate course materials based on instructor and learner feedback.
* **Technology Integration:**
* Utilize LMS (Learning Management Systems) to manage and deliver course content.
* Ensure interactive and experiential learning using simulations, real\\-world examples, or AR/VR tools.
* **Performance Analytics and Feedback:**
* Assess course effectiveness through learner feedback and performance metrics.
* Continuously improve courses for better engagement and outcomes.

**Skills and Qualifications:**

**Essential Skills:**

* Experience in curriculum development or instructional design.
* Knowledge of technology domains such as software development, data science, cybersecurity, etc.
* Proficiency with LMS platforms (e.g., Moodle, Canvas) and eLearning tools (e.g., Articulate, Adobe Captivate).
* Familiarity with Agile development and iterative content production processes.

**Desirable Qualifications:**

* Bachelor's degree or higher in Education, Computer Science, Instructional Design, or a related field.
* Certification in Instructional Design or training.
* Understanding of pedagogical approaches like active learning, constructivism, and flipped classrooms.

Job Type: Full\\-time

Pay: ‚Çπ450,000\\.00 \\- ‚Çπ500,000\\.00 per year

Schedule:

* Day shift
* Morning shift

Supplemental Pay:

* Performance bonus

Experience:

* Curriculum Developer: 1 year (Required)
* subject matter experts: 1 year (Required)
* Learning Management Systems: 1 year (Required)
* performance metrics.: 1 year (Required)
* LMS platforms: 1 year (Required)
* Agile development: 1 year (Required)
* software development, data science, cybersecurity: 1 year (Required)

Work Location: In person","","","","","","","",""
"gd-1009267351640","glassdoor","https://www.glassdoor.co.in/job-listing/j?jl=1009267351640","","Shopify Developer","East Essence","Noida","2025-01-03","","direct_data","monthly",100000.0,150000.0,"INR",False,"","","sponsored","","We are a USA based e\\-commerce and technology startup based in Silicon Valley, CA with a proven record of successful startup launches.. We are currently looking for a Shopify developer in Delhi

Qualifications

Proven experience as a Senior Shopify Developer or similar role, with a strong portfolio showcasing successful e\\-commerce projects. Must have strong experience working with Shopify Plus.

Proficiency in web development languages such as HTML, CSS, JavaScript, and Liquid (Shopify's templating language)

Extensive knowledge of the Shopify platform, including its APIs and integrations with third\\-party applications

Demonstrated ability to customize and create Shopify themes from scratch, as well as modify existing themes to align with design requirements

Experience with responsive design principles and mobile optimization

Strong understanding of SEO best practices for e\\-commerce websites

Familiarity with web analytics tools (e.g., Google Analytics) to monitor website performance and user behavior

**Responsibilities**

As a Senior Shopify Developer, you will play a pivotal role in our e\\-commerce success by leading the development, customization, and maintenance of multiple Shopify\\-based online stores

You will collaborate with cross\\-functional teams, including designers, product managers, and marketers, to translate business requirements into seamless, user\\-friendly online experiences

Lead the development and maintenance of our Shopify store, ensuring its performance, security, and scalability

Customize Shopify themes to match our brand's identity and user experience goals

Implement new features and functionalities through custom coding and integrations with third\\-party applications when necessary

Optimize the website for speed, SEO, and overall performance to enhance user engagement and conversion rates

**Benefits**

**Paid Time off**

Office hours are: 11 AM to 7:30 PM

Job Types: Full\\-time, Part\\-time, Permanent

Pay: ‚Çπ100,000\\.00 \\- ‚Çπ150,000\\.00 per month

Benefits:

* Food provided
* Paid time off

Location Type:

* In\\-person

Schedule:

* Day shift
* Monday to Friday
* US shift
* Weekend availability

Experience:

* Shopify: 2 years (Required)

Work Location: In person

**Speak with the employer**  
\\+91 8826204114","","https://www.glassdoor.co.in/Overview/W-EI_IE4763701.htm","","","","","",""
"gd-1009448262237","glassdoor","https://www.glassdoor.co.in/job-listing/j?jl=1009448262237","","xG Wireless Software Engineer 4G/5G/6G","Valid8 India","India","2025-01-03","","direct_data","yearly",1553691.0,1553691.0,"INR",False,"","","organic","","Are you passionate in Wireless Communications ? Do you want to be part of early phase of a US startup with great ambitions and vision?

We are into Wireless Communications since 30 years, developed customized solutions across all Wireless and Wireline technologies and for industry leaders in different domains (Telecom, Defense, Federal Agencies) including many government agencies like NASA, FDA. Over the last 3 decades we have developed a cutting edge, web GUI based and state of the art software platform and eco system for our product lines which makes our product development super practical and highly intuitive for our customers . Please check more details at www.valid8\\.com

We are excited to announce a new development center focusing more on 4G/5G and 6G solutions in Hyderabad. The Valid8 Hyderabad reports directly to Boston head office and there is a chance to visit Boston office for work shops after six months probation period.

What skills we need:

1\\. Someone has thorough basics in communications engineering (RF, IP Networking, CDCs, ASN1, 3GPP Protocols of 2G to 6G, Data Structures basics)

2\\. Good understanding of programming languages example: Javascript/Python/C/C\\+\\+ and OS Internals (Linux)

3\\. Good understanding basic computer science concepts (Data structures, Concurrency, RealTime,Frontend/Backend)

4\\. Basic understanding of VMs(Virtual Machines). Dockers, Hypervisors, Git, Security protocols (TLS, Asymmetric Encryptions)

5\\. Passion to improve status quo and curious to know how things works till to the bottom layer (dig deeper approach).

6\\. Ready to use *first principles* thinking to solve difficult problems and develop innovative solutions

7\\. Keen to know state of the art new technologies and ready to use them to improve the efficiency of our daily work.

Job Types: Full\\-time, Part\\-time, Permanent, Fresher, Internship  
Contract length: 12 months

Pay: Up to ‚Çπ1,553,691\\.38 per year

Expected hours: No less than 40 per week

Benefits:

* Cell phone reimbursement
* Commuter assistance
* Flexible schedule
* Food provided
* Health insurance
* Internet reimbursement
* Life insurance
* Paid sick time
* Paid time off
* Provident Fund
* Work from home

Schedule:

* Monday to Friday
* Morning shift
* Weekend availability

Supplemental Pay:

* Joining bonus
* Performance bonus
* Shift allowance
* Yearly bonus

Ability to commute/relocate:

* Nanakramguda, Hyderabad, Telangana: Reliably commute or planning to relocate before starting work (Preferred)

Education:

* Bachelor's (Preferred)

Experience:

* total work: 1 year (Preferred)

Work Location: In person","","","","","","","",""
"gd-1009584550341","glassdoor","https://www.glassdoor.co.in/job-listing/j?jl=1009584550341","","Full Stack Developer - PHP, Laravel & JQuery","MIS Work India Private Limited","Pitampura","2025-01-03","","direct_data","yearly",460000.0,800000.0,"INR",False,"","","sponsored","","Responsibilities:

* Develop, test, and maintain web applications using PHP, MySQL, HTML, CSS, and JavaScript.
* Collaborate with designers and stakeholders to understand project requirements and translate them into technical specifications.
* Participate in the full software development lifecycle, including planning, designing, coding, testing, debugging, and deploying applications.
* Build responsive and user\\-friendly interfaces, ensuring cross\\-browser compatibility and optimal performance.
* Implement and integrate APIs, web services, and third\\-party libraries as required
* Perform code reviews, identify and fix bugs, and optimize application performance.
* Work closely with the team to continuously improve development processes and implement best practices.
* Stay up\\-to\\-date with emerging technologies and industry trends, and apply them to enhance our development practices and solutions.
* Contribute to documentation, including technical specifications, user guides, and test cases.

Requirements:

* Bachelor's degree in Computer Science, Software Engineering, or a related field.
* Proven experience as a PHP Full Stack Developer or similar role, with a minimum of 3\\-8 years of professional experience.
* Strong proficiency in PHP, MySQL, HTML, CSS, JavaScript, and related frameworks (e.g., Laravel, CodeIgniter).
* Experience with front\\-end frameworks (e.g., Laravel, React, Angular, Vue.js) and modern development tools (e.g., Webpack, Git) is a plus.
* Solid understanding of object\\-oriented programming principles and MVC architecture.
* Familiarity with RESTful APIs, JSON, and web services integration.
* Strong problem\\-solving skills and the ability to work in a fast\\-paced environment.
* Experience with agile development methodologies is preferred.

**Please note:** Candidate must be good in **JQuery**.

Interested candidate may whatsapp their cv on 9990931144\\.

Thank you

Job Types: Full\\-time, Permanent

Pay: ‚Çπ460,000\\.00 \\- ‚Çπ800,000\\.00 per year

Benefits:

* Cell phone reimbursement
* Paid sick time
* Paid time off

Schedule:

* Day shift
* Morning shift

Supplemental Pay:

* Performance bonus
* Yearly bonus

Application Question(s):

* How many years of JQuery experience do you have?
* How many years of PHP experience do you have?
* How many years of Laravel experience do you have?
* What is your currently take home salary?
* What is your expected take home salary?
* What is your notice period?
* What is your current location?
* Are you based in Delhi?

Experience:

* total work: 3 years (Preferred)

Work Location: In person","","","","","","","",""
"go-GU0SSvcFcvElfQPpAAAAAA==","google","https://in.bebee.com/job/cd861b27083c1385ef35fc18dbd99ef4?utm_campaign=google_jobs_apply&utm_source=google_jobs_apply&utm_medium=organic","","Senior Software Engineer: Expert in Cutting-Edge Educational Solutions","Rocket Tutor","New Delhi, Delhi","2024-12-31","","","","","","",True,"","","","","About the Role:

We are seeking an accomplished Senior Software Engineer to spearhead the development of our cutting-edge educational applications. As a key member of our team, you will design, develop, and maintain scalable back-end systems with Go and create intuitive front-end applications using React.

This is a unique opportunity to collaborate across teams and bring our vision of world-class education to life. You will work closely with product and design teams to deliver exceptional solutions, conduct code reviews, and uphold engineering standards.

Key Responsibilities:
‚Ä¢ Back-end Development: Build and maintain robust back-end systems with Go, ensuring scalability and reliability.
‚Ä¢ Front-end Development: Develop engaging and user-friendly front-end applications using React.
‚Ä¢ Collaboration: Work collaboratively with cross-functional teams to drive project success.
‚Ä¢ Code Quality: Conduct thorough code reviews and adhere to engineering best practices.
‚Ä¢ Technical Leadership: Stay at the forefront of technology and suggest innovative approaches to drive business growth.

Qualifications:
‚Ä¢ Expertise: 5+ years of overall experience with outstanding expertise in React and Go.
‚Ä¢ Cloud Architecture: Strong understanding of cloud-based architectures (AWS).
‚Ä¢ Containerization: Familiarity with containerization tools like Docker and Kubernetes.
‚Ä¢ Problem-Solving: Excellent problem-solving and analytical skills.
‚Ä¢ Communication: Fluency in English; strong communication skills.

What We Offer:
‚Ä¢ Competitive Compensation: Competitive salary package with benefits.
‚Ä¢ Holidays: 30 days of holiday annually.
‚Ä¢ Growth Opportunities: Opportunities for growth and professional development in a dynamic environment.
‚Ä¢ Flexible Work Policies: Flexible work policies and a vibrant office culture.
‚Ä¢ Impactful Projects: The chance to work on impactful projects in education.

Location: New Delhi, India. Remote work options available.","","","","","","","",""
"go-VPUAaiL0HWZZomB0AAAAAA==","google","https://www.sercanto.in/detail/a/openqquantify-software-developer-unpaid-internship_delhi_38013121?utm_campaign=google_jobs_apply&utm_source=google_jobs_apply&utm_medium=organic","","OpenQQuantify | Software Developer (Unpaid Internship)","Openqquantify","New Delhi, Delhi","2024-12-29","internship","","","","","",True,"","","","","Company Description OpenQQuantify accelerates the development of electronics and embedded systems to create innovative technologies in domains like healthcare, agriculture, and green energy. Our projects in Generative AI for Electronics, Software Pipelines, and Embedded Systems empower the community by pushing the boundaries of innovation and making advanced technologies accessible to all. Role Description This is an unpaid internship for a Software Developer at OpenQQuantify. The Software Developer will be involved in back-end web development, software development, programming, and object-oriented programming (OOP) tasks. This internship role is remote and provides hands-on experience in cutting-edge technology projects. Qualifications Computer Science and Software Development skills Back-End Web Development proficiency Programming and Object-Oriented Programming (OOP) expertise Ability to work independently and remotely Interest in quantum development and innovative technologies Strong problem-solving and analytical skills Experience with open-source projects is a plus Pursuing or recently completed a degree in Computer Science or related field We are an inclusive workplace. Everyone is welcome to apply!","","","","","","","",""
"go-Tz7SyXG6Q7E-9uH-AAAAAA==","google","https://in.bebee.com/job/fb6952067d823783e9a000ca81c4fb7f?utm_campaign=google_jobs_apply&utm_source=google_jobs_apply&utm_medium=organic","","Principal Backend Software Engineer","BytR","New Delhi, Delhi","2024-12-24","","","","","","",True,"","","","","About BytR

BytR is a cutting-edge technology company that prides itself on innovation and forward-thinking solutions. We are constantly pushing the boundaries of what is possible, and we need exceptional talent like yours to help us achieve our goals.

Salary

We offer a competitive salary of $140,000 per year, with performance-based bonuses that can increase your earnings by up to 20% annually. Our comprehensive benefits package includes health and wellness programs, flexible work hours, and remote working options.

About the Role

We are seeking a highly skilled Principal Backend Software Engineer to join our team. As a key member of our engineering team, you will be responsible for designing, developing, and maintaining complex backend systems using Java and related technologies. Your expertise will play a crucial role in driving innovation and ensuring the success of our platform.

Key Responsibilities
‚Ä¢ Design and develop scalable backend services and applications using Java and related technologies.
‚Ä¢ Collaborate with cross-functional teams to implement high-quality solutions and drive innovation.
‚Ä¢ Conduct code reviews, mentor junior developers, and ensure adherence to coding standards, best practices, and design patterns.
‚Ä¢ Troubleshoot, optimize, and debug complex technical issues and implement solutions that improve overall system performance and reliability.
‚Ä¢ Work closely with product management, QA, DevOps, and other stakeholders to deliver quality software that meets business requirements.
‚Ä¢ Stay updated with the latest industry trends, technologies, and frameworks to continuously improve the product and development processes.

Requirements
‚Ä¢ Expertise in Spring, Spring Boot, and Hibernate.
‚Ä¢ Strong experience with relational databases (e.g., MySQL, PostgreSQL) and NoSQL databases (e.g., MongoDB).
‚Ä¢ Experience with cloud platforms such as AWS, Google Cloud, or Azure.
‚Ä¢ Proficiency in building and maintaining microservices architectures.
‚Ä¢ Familiarity with CI/CD pipelines, Docker, and Kubernetes.
‚Ä¢ Proficient in Git and other version control tools.
‚Ä¢ Knowledge of unit testing, integration testing, and test-driven development (TDD).
‚Ä¢ Excellent problem-solving skills, strong communication, and the ability to work in a fast-paced environment.

Benefits
‚Ä¢ Competitive salary and performance-based bonuses.
‚Ä¢ Comprehensive health and wellness benefits.
‚Ä¢ Flexible work hours and remote working options.","","","","","","","",""
"go-Y2aZsi_FOSQyN5cKAAAAAA==","google","https://in.bebee.com/job/de409da0eae17d6d5620cbef8e981dfd?utm_campaign=google_jobs_apply&utm_source=google_jobs_apply&utm_medium=organic","","Senior Software Engineer for Mass Customization","Cimpress India","New Delhi, Delhi","2024-12-24","","","","","","",False,"","","","","We are looking for a highly skilled Senior Software Engineer to join our team at Cimpress India. As a Senior Software Engineer, you will play a key role in designing and developing commercial-grade web applications using Oracle APEX.
About the Role

As a Senior Software Engineer, your primary responsibility will be to design, develop, and deploy modern elegant web applications using a combination of APEX and JavaScript. You will work closely with our development team to ensure that our applications meet the highest standards of quality, usability, and security.

You will have experience in managing web page layouts with APEX templates and themes, as well as knowledge of relational data modeling, HTML5/CSS, and JavaScript. Your ability to integrate REST APIs into APEX applications and collaborate effectively with team members and partners in a distributed project environment is also essential.
Key Responsibilities
‚Ä¢ Design, develop, and deploy commercial-grade web applications using Oracle APEX.
‚Ä¢ Collaborate with the development team to ensure that applications meet high standards of quality, usability, and security.
‚Ä¢ Manage web page layouts with APEX templates and themes.
‚Ä¢ Integrate REST APIs into APEX applications.
‚Ä¢ Participate in code reviews and contribute to the improvement of our development processes.
Requirements

To be successful in this role, you should have:
‚Ä¢ 3+ years of experience designing and developing commercial-grade web applications using Oracle APEX.
‚Ä¢ Ability to deliver modern elegant web applications using a combination of APEX and JavaScript.
‚Ä¢ Experience in managing web page layouts with APEX templates and themes.
‚Ä¢ Knowledge of relational data modeling, HTML5/CSS, and JavaScript.
‚Ä¢ Experience integrating REST APIs into APEX applications.
‚Ä¢ Strong problem-solving skills and ability to analyze complex issues.
What We Offer

We offer a competitive salary of Rs 15 lakhs per annum, based on the candidate's experience and qualifications. Additionally, we provide a comprehensive benefits package, including medical insurance, retirement savings plan, and paid time off.

Cimpress India is a leading e-commerce company with a strong presence in the printing business. We operate in 34 countries and have a user base of over 20 million customers. Our employee strength is around 15,000 and growing rapidly. We hold over 350 patents and have developed a proprietary combination of capabilities, including software development, e-commerce, content creation, graphic file processing, marketing, customer service, production technologies, and manufacturing and supply chain operations.","","","","","","","",""
"go-adaZmxc4Z51mMFe-AAAAAA==","google","https://in.linkedin.com/jobs/view/software-developer-java-at-sita-4096075649?utm_campaign=google_jobs_apply&utm_source=google_jobs_apply&utm_medium=organic","","Software Developer(Java)","SITA","New Delhi, Delhi","2024-12-15","","","","","","",False,"","","","","Overview

WELCOME TO SITA

We're the team that keeps airports moving, airlines flying smoothly, and borders open. Our tech and communication innovations are the secret behind the success of the world‚Äôs air travel industry.

You'll find us at 95% of international hubs. We partner closely with over 2,500 transportation and government clients, each with their own unique needs and challenges. Our goal is to find fresh solutions and cutting-edge tech to make their operations run like clockwork. Want to be a part of something big?

Are you ready to love your job? The adventure begins right here, with you, at SITA.

About The Role & Team

As Software Developer, you will be part of the technical development and maintenance of applications and systems using existing and emerging technology platforms.

You will be accountable for writing and delivering functionality, documentation, and unit test cases as part of a fully Agile DevOps team. You will guide junior developers and non-technical business colleagues through the software development lifecycle, ensuring best practice and delivery of solutions on time and within budget.

Reporting to the Software Development Manager, you will be a part of the Product Engineering and Integration team.

What You Will Do
‚Ä¢ Understanding the technical direction of the product
‚Ä¢ Working with the team around you and provide support to the team.
‚Ä¢ Following existing coding guidelines, practices and all technical processes, but be ready to feedback improvements and new ideas into that process to improve our practices.
‚Ä¢ Understanding of how our software fits into the wider architecture of the solution
‚Ä¢ Develops and estimates for technical work that will be undertaken.
‚Ä¢ Participates in analysis of requirements for designing new application and system features. Assist with documenting and expressing those requirements for business and technical stakeholders.
‚Ä¢ Learning and integrating new technologies in a cutting-edge environment.

Qualifications

ABOUT YOUR SKILLS
‚Ä¢ Bachelor‚Äôs or master‚Äôs degree in computer science, Engineering, or a related field.
‚Ä¢ Minimum of 3+ years of professional experience in Java development.
‚Ä¢ Minimum of 3+ years of professional experience in Java/J2EE Technologies.
‚Ä¢ Fast-paced, agile, software development environment
‚Ä¢ Be part of the core technical team.
‚Ä¢ Planning, describing, and implementing your chosen software architecture, within the guard rails of an existing architectural framework.
‚Ä¢ Strong experience and proficiency in Java, from a Microservices perspective
‚Ä¢ Strong proficiency in Spring and Spring Boot frameworks.
‚Ä¢ SOA: XML Web Services, SOAP, REST, including security considerations.
‚Ä¢ Object-oriented code design
‚Ä¢ Experience in Relational and Non-Relational Databases like Maria, Mongo and ELK Stack
‚Ä¢ Must be able to understand an API specification and use that knowledge to integrate that functionality into our software.
‚Ä¢ Strong understanding of Docker, Kubernetes is required.
‚Ä¢ Good understanding of networking concepts
‚Ä¢ Ability to apply application design concepts and design patterns.
‚Ä¢ Knowledge of version control / source code management (GIT preferred).
‚Ä¢ Create and maintain technical documentation, including design documents, API specifications, and release notes.
‚Ä¢ Ability to coordinate multiple technical streams of work to produce a complete solution.
‚Ä¢ Ability to estimate well (comparative estimation and story points) and lead the estimation process for small initiatives.
‚Ä¢ Ability to work well both independently and as a member of a team.
‚Ä¢ Ability to communicate clearly in a multicultural environment.
‚Ä¢ Worked in an agile or devops environment, preferably with scrum.

Nice-to-have
‚Ä¢ Good Understanding of Messaging systems like Kafka, IBM MQ, AMQ etc
‚Ä¢ Full stack web development, (Angular/Apache Webserver/Apache Tomcat/MS SQL Server is preferred, but any similar stack is relevant)

What We Offer

We‚Äôre all about diversity. We operate in 200 countries and speak 60 different languages and cultures. We‚Äôre really proud of our inclusive environment. Our offices are comfortable and fun places to work, and we make sure you get to work from home too. Find out what it's like to join our team and take a step closer to your best life ever.

üè° Flex Week: Work from home up to 2 days/week (depending on your team‚Äôs needs)

‚è∞ Flex Day: Make your workday suit your life and plans.

üåé Flex Location: Take up to 30 days a year to work from any location in the world.

üåøEmployee Wellbeing: We‚Äôve got you covered with our Employee Assistance Program (EAP), for you and your dependents 24/7, 365 days/year. We also offer Champion Health - a personalized platform that supports a range of wellbeing needs.

üöÄProfessional Development: Level up your skills with our training platforms, including LinkedIn Learning!

üôåüèΩ Competitive Benefits: Competitive benefits that make sense with both your local market and employment status.

SITA is an Equal Opportunity Employer. We value a diverse workforce. In support of our Employment Equity Program, we encourage women, aboriginal people, members of visible minorities, and/or persons with disabilities to apply and self-identify in the application process.","","","","","","","",""
"go-y21SrxiSlET7PTECAAAAAA==","google","https://in.linkedin.com/jobs/view/staff-software-engineer-%E2%80%93-jvm-rust-expert-bangkok-based-full-relocation-package-provided-at-agoda-4075108485?utm_campaign=google_jobs_apply&utm_source=google_jobs_apply&utm_medium=organic","","Staff Software Engineer ‚Äì JVM/Rust Expert (Bangkok-based, Full Relocation Package Provided)","Agoda","New Delhi, Delhi","2024-12-15","","","","","","",False,"","","","","About Agoda

Agoda is an online travel booking platform for accommodations, flights, and more. We build and deploy cutting-edge technology that connects travelers with a global network of 4.7M hotels and holiday properties worldwide, plus flights, activities, and more . Based in Asia and part of Booking Holdings, our 7,100+ employees representing 95+ nationalities in 27 markets foster a work environment rich in diversity, creativity, and collaboration. We innovate through a culture of experimentation and ownership,‚ÄØenhancing the ability for our customers to experience the world.

Our Purpose ‚Äì Bridging the World Through Travel

We believe travel allows people to enjoy, learn and experience more of the amazing world we live in. It brings individuals and cultures closer together, fostering empathy, understanding and happiness.

We are a skillful, driven and diverse team from across the globe, united by a passion to make an impact. Harnessing our innovative technologies and strong partnerships, we aim to make travel easy and rewarding for everyone.

About Agoda

Agoda is an online travel booking platform for accommodations, flights, and more. We build and deploy cutting-edge technology that connects travelers with more than 2.5 million accommodations globally. Based in Asia and part of Booking Holdings, our 6,000+ employees representing 90+ nationalities foster a work environment rich in diversity, creativity, and collaboration. We innovate through a culture of experimentation and ownership,‚ÄØenhancing the ability for our customers to experience the world.

Get to know our team ‚Äì Observability Platform in Agoda

Within the WhiteFalcon team, we build and maintain Agoda‚Äôs time series database and log aggregation system. We process tens of millions of measurements per second and hundreds of terabytes of logs per day in multiple datacenters, powering thousands of dashboards and alerts. Our biggest challenges are to support the ever-growing need for collecting more data, faster and at lower cost.

In This Role, You‚Äôll Get to
‚Ä¢ Build fault-tolerant, horizontally scalable solutions running in multi-tenant environments
‚Ä¢ Solve challenging problems in distributed and highly concurrent environment
‚Ä¢ Impact all developers in Agoda, providing better observability instruments

What You‚Äôll Need To Succeed
‚Ä¢ At least 8 years of experience writing performant and scalable code using JVM (Java/Scala/Kotlin) or Rust (C++) languages
‚Ä¢ User/dev experience of one of the following products: Prometheus, InfluxDB, Victoria Metrics, Elasticsearch, Grafana Loki
‚Ä¢ Production experience with messaging queues (Kafka)
‚Ä¢ Deep understanding of concurrency and multithreading
‚Ä¢ Value code simplicity and performance
‚Ä¢ Demonstrate proficiency in communication and collaboration skill

It‚Äôs Great If You Have
‚Ä¢ Strong background in DB internals, indexes, data formats (AVRO, Protobuf)
‚Ä¢ You generally understand observability data types, such as logs and metrics
‚Ä¢ Profilers, debuggers, tracers hide no secrets from you, especially in a Linux environment
‚Ä¢ Experience building large-scale time series data stores and monitoring solutions
‚Ä¢ Experience with S3 (Ceph), Elasticsearch, Grafana and other open-source components
‚Ä¢ You can get down to the low-level when needed

#sanfrancisco #sanjose #losangeles #sandiego #oakland #denver #miami #orlando #atlanta #chicago #boston #detroit #newyork #portland #philadelphia #dallas #houston #austin #seattle #sydney #melbourne #perth #toronto #vancouver #montreal #shanghai #beijing #shenzhen #prague #Brno #Ostrava #estonia #paris #berlin #munich #hamburg #stuttgart #cologne #frankfurt #dusseldorf #dortmund #essen #Bremen #leipzig #dresden #hanover #nuremberg #athens #hongkong #budapest #jakarta #bali #dublin #telaviv #jerusalem #milan #rome #venice #florence #naples #turin #palermo #bologna #tokyo #osaka #yokohama #nagoya #okinawa #fukuoka #sapporo #kualalumpur #malta #amsterdam #oslo #manila #warsaw #krakow #bucharest #doha #alrayyan #moscow #saintpetersburg #singapore #seoul #barcelona #madrid #stockholm #zurich #taipei #tainan #taichung #kaohsiung #bangkok #Phuket #istanbul #dubai #abudhabi #sharjah #london #manchester #edinburgh #kiev #hcmc #hanoi #amsterdam #bucharest #lodz #wroclaw #poznan #katowice #rio #salvador #bandung #yokohama #nagoya #okinawa #fukuoka #IT #ENG #4 #newdelhi #Pune #Hyderabad #Bangalore #Mumbai #Bengaluru #Chennai #Kolkata #Lucknow #sanfrancisco #sanjose #losangeles #sandiego #oakland #denver #miami #orlando #atlanta #chicago #boston #detroit #newyork #portland #philadelphia #dallas #houston #austin #seattle #sydney #melbourne #perth #toronto #vancouver #montreal #shanghai #beijing #shenzhen #prague #Brno #Ostrava #cairo #alexandria #giza #estonia #paris #berlin #munich #hamburg #stuttgart #cologne #frankfurt #hongkong #budapest #jakarta #bali #dublin #telaviv #milan #rome #tokyo #osaka #kualalumpur #amsterdam #oslo #manila #warsaw #krakow #bucharest #moscow #saintpetersburg #capetown #johannesburg #seoul #barcelona #madrid #stockholm #zurich #taipei #bangkok #Phuket #istanbul #london #manchester #edinburgh #kiev #hcmc #hanoi #wroclaw #poznan #katowice #rio #salvador #IT #4 #5

Equal Opportunity Employer

At Agoda, we pride ourselves on being a company represented by people of all different backgrounds and orientations. We prioritize attracting diverse talent and cultivating an inclusive environment that encourages collaboration and innovation. Employment at Agoda is based solely on a person‚Äôs merit and qualifications. We are committed to providing equal employment opportunity regardless of sex, age, race, color, national origin, religion, marital status, pregnancy, sexual orientation, gender identity, disability, citizenship, veteran or military status, and other legally protected characteristics.

We will keep your application on file so that we can consider you for future vacancies and you can always ask to have your details removed from the file. For more details please read our privacy policy .

To all recruitment agencies: Agoda does not accept third party resumes. Please do not send resumes to our jobs alias, Agoda employees or any other organization location. Agoda is not responsible for any fees related to unsolicited resumes.","","","","","","","",""
"go-yr9SXNuI5hiBNDzCAAAAAA==","google","https://in.linkedin.com/jobs/view/embedded-system-freelancer-trainer-at-sofcon-india-pvt-ltd-4116296143?utm_campaign=google_jobs_apply&utm_source=google_jobs_apply&utm_medium=organic","","Embedded System Freelancer Trainer","Sofcon India Pvt.Ltd.","New Delhi, Delhi","2024-12-15","","","","","","",False,"","","","","Company Description

Sofcon India Pvt. Ltd. in Delhi is a leading training organization committed to providing superior and innovative training in technical domains such as Industrial Automation, Embedded System, Industrial Mechanical Engineering, Solar, HVAC, IBMS, and PCB. We also offer training in Soft Skills, Digital Marketing, to equip engineers for various profiles in manufacturing, automation, embedded systems, and engineering facilities.

Role Description

This is a full-time on-site role for an Embedded System Freelancer Trainer at Sofcon India Pvt. Ltd. in Delhi. The Freelancer Trainer will be responsible for training and developing engineers in embedded systems. We are looking for a skilled Embedded Systems Engineer to join our dynamic team, specializing in STM32 and 8051 microcontroller platforms.

Job Responsibilities:
‚Ä¢ Design, develop, and test embedded software and hardware for STM32 and 8051-based systems.
‚Ä¢ Write efficient and maintainable code in C/C++ for embedded applications.
‚Ä¢ Develop and implement low-level drivers and communication protocols (I2C, SPI, UART, etc.).
‚Ä¢ Work closely with hardware engineers to integrate software and hardware systems.
‚Ä¢ Perform debugging and troubleshooting of embedded systems, ensuring robustness and reliability.
‚Ä¢ Conduct system-level testing and performance optimization of STM32 and 8051-based systems.
‚Ä¢ Document design specifications, processes, and test results.
‚Ä¢ Participate in the full development lifecycle, from requirements analysis to deployment and maintenance.
‚Ä¢ Required Skills and Qualifications:
‚Ä¢ Strong experience in embedded system development with STM32 and 8051 microcontrollers.
‚Ä¢ Proficiency in C and C++ programming languages for embedded systems.
‚Ä¢ Hands-on experience with low-level programming, hardware debugging, and using debugging tools like JTAG, oscilloscopes, and logic analyzers.
‚Ä¢ Knowledge of embedded operating systems (FreeRTOS, CMSIS RTOS, etc.) is a plus.
‚Ä¢ Experience with communication protocols such as UART, I2C, SPI, CAN, and Ethernet,modbus.
‚Ä¢ Familiarity with IDEs like Keil, STM32CubeIDE, and MPLAB X.
‚Ä¢ Ability to read and interpret circuit diagrams and schematics.
‚Ä¢ Strong problem-solving skills and attention to detail.
‚Ä¢ Good understanding of power management techniques in embedded systems.

Preferred Qualifications:
B. Tech/Diploma-Electronics
Familiarity with firmware development, flash memory management, and bootloaders.
DM if interested or call on 9117094720

#EmbeddedSystemFreelancer #EmbeddedSystemTrainer #EmbeddedSoftwareTrainer","","","","","","","",""
"go-v8Svn9RVoHZf0sbKAAAAAA==","google","https://talentsjobs.in/job-detail?job-id=11932&job-name=Work+from+Home&utm_campaign=google_jobs_apply&utm_source=google_jobs_apply&utm_medium=organic","","Senior Software Engineer II","Aerospace and Defense Neotech technology","New Delhi, Delhi","2024-12-15","","","","","","",True,"","","","","Other Requirements:

1. Must have good communication skills.

2. Comfortable working in Day Shift.

3. Should have sound knowledge of Computer and related software (MS Office Etc.)

4. Should be a team player.

Benefits:

1. Performance based Bonus, Commission and Incentives.

2. Pick and drop cab facility.

3. Stress free work culture.

4. Weekly employee engagement activity. Working days: Monday to Friday- 5 Days working .Laptop kit will provide to candidate. Job Type: Full-time / Hybrid/ WFH.","","","","","","","",""
"go-xaNkQKnWd6e5tcXlAAAAAA==","google","https://in.linkedin.com/jobs/view/j2ee-developer-at-coderower-software-development-company-4116280178?utm_campaign=google_jobs_apply&utm_source=google_jobs_apply&utm_medium=organic","","J2Ee Developer","CodeRower | Software Development Company","New Delhi, Delhi","2024-12-13","","","","","","",False,"","","","","Position : Java/J2EE Developer Job description

Experience Required: 6 to 9 Yrs

Hybrid model

A minimum of 6 years of previous work experience and relevant experience in internet architecture and software development.

¬∑ Hands-on experience in the following languages: Core Java, J2EE, and back-end development using Java.

¬∑ Expertise in object-oriented programming and design patterns (primarily MVC).

¬∑ Must have experience in Spring + Hibernate

¬∑ Hands-on experience in database design, SQL, and any ORM tool like Hibernate/JDO etc

¬∑ Experience with Micro services-based architecture

¬∑ Experience with Web applications

¬∑ Able to work stand-alone on the project.

¬∑ Candidate should be self-motivated.

¬∑ Candidate should be a quick learner.

¬∑

Good to have:

¬∑ Experience in TDD-based development.

¬∑ Excellent communication skills both written and verbal.

¬∑ Experience with FIX protocol

¬∑ Strong analytical skills and logical thought processes with the ability to identify and resolve complex issues/problems.

¬∑ Proven ability to function well in a team environment

¬∑ Must be proactive, self-directed, self-motivated, detailed, quick learner, and organized.","","","","","","","",""
"go-j9XoEuP2T3MRCrrLAAAAAA==","google","https://in.linkedin.com/jobs/view/it-developer-at-nirbheek-security-services-4113989652?utm_campaign=google_jobs_apply&utm_source=google_jobs_apply&utm_medium=organic","","It Developer","NIRBHEEK SECURITY SERVICES","Gurugram, Haryana","2024-12-13","","","","","","",False,"","","","","Design and maintain Looker dashboards on GCP.

Develop custom visualizations (e.g., JavaScript).

Optimize LookML models and SQL queries.

Ensure data accuracy, governance, and performance.

Collaborate with stakeholders and data teams.

Provide training and support to end-users.

Identify and implement dashboard enhancements.

Manage version control and validate data processes.

This job is provided by Shine.com","","","","","","","",""
"in-8a9fd7437449c0d5","indeed","https://in.indeed.com/viewjob?jk=8a9fd7437449c0d5","https://innovativeglance.com/careers/#","Front-End Developer","Innovative Glance","GJ, IN","2025-01-05","","","","","","",False,"","","","career@innovativeglance.com","**Live** **your****best** **work\\-life**
----------------------------------------

WE OFFER A GREAT WORK ENVIRONMENT WITH UNLIMITED GROWTH OPPORTUNITIES AND REWARDS!



### **5 Days Working**
**Per Week**

### **Competitive**
**Salary**

### **Training \\&**
**Development**

### **Performance**
**Bonus**

### **Flexible**
**Environment**

### **Celebrations \\&**
**Events**


  
We are inviting self\\-driven and passionate young minds to join our team


Send your resume to career@innovativeglance.com


  
### **Front\\-End Developer**


Minimum Experience


### **1\\+ Years**


Workplace type


### **On\\-site**


**Job Description:**

* Project analysis and planning
* Developing codes based on the analysis to make the project functional
* Reviewing the output from code quality
* Understanding of fundamental design principles behind a scalable application
* Must have good communication skills

**Requirements:**

* Expertise in implementing responsive graphical user interfaces that adhere to visual and behavioral specifications.
* In\\-depth knowledge of UI/UX
* Understanding of HTML, CSS and Modern Javascript
* Experience with Preprocessor like SASS, LESS
* Experience with creating Re\\-usable components in Angular/React/Vue
* Must Have experience with Redux

**Plus Point:**

* Knowledge of css framework like Tailwind, Bulma preferred
* Knowledge of Server Side Rendering in frontend Framework (Angular\\-SSR, React\\-Next, Vue\\-Next)
* Working experience with Gatsby, Netifly and vercel would be gread
* Knowledge of Graph QL and it‚Äôs libraries","","https://in.indeed.com/cmp/Innovative-Glance","","","","","",""
"in-7f146a17cf94a892","indeed","https://in.indeed.com/viewjob?jk=7f146a17cf94a892","https://innovativeglance.com/careers/#","WordPress Developer","Innovative Glance","GJ, IN","2025-01-05","","","","","","",False,"","","","career@innovativeglance.com","**Live** **your****best** **work\\-life**
----------------------------------------

WE OFFER A GREAT WORK ENVIRONMENT WITH UNLIMITED GROWTH OPPORTUNITIES AND REWARDS!



### **5 Days Working**
**Per Week**

### **Competitive**
**Salary**

### **Training \\&**
**Development**

### **Performance**
**Bonus**

### **Flexible**
**Environment**

### **Celebrations \\&**
**Events**


  
We are inviting self\\-driven and passionate young minds to join our team


Send your resume to career@innovativeglance.com


  
### **WordPress Developer**


Minimum Experience


### **1\\+ Years**


Workplace type


### **On\\-site**


**Requirements:**

* PHP: WordPress
* HTML, CSS, javaScript, jQuery, ajax, REST APIs
* Helping formulate an effective, responsive design and turning it into a working WordPress theme, plugin, or application.
* Design and implement new features and functionality for WordPress websites and applications.
* Ensuring high performance and availability to manage all technical aspects of the CMS.
* Designing and managing the website‚Äôs back\\-end, including database and server integration.
* Conducting website/application performance and UI tests.
* Monitor the performance of the live website and application built on PHP/WordPress.
* Conduct WordPress or PHP/Laravel training with the client.
* Establish and guide the website‚Äôs architecture using JS library/Framework and PHP framework or WordPress.

**Good to have:**

* Strong Knowledge of OOPs fundamentals
* Knowledge of API integration
* Experience with working on different layouts in WordPress theme development.
* Experience with page builders like Elementor, Divi \\& Gutenberg, etc.
* Strong Knowledge of WordPress Backend Side as well as Frontend Side.
* Understanding of Hooks, Shortcodes, etc.
* Understanding of code versioning tools like Git(GitHub), Bitbucket, SVN
* WordPress Custom Theme \\& Plugin development
* Custom Gutenberg \\& Elementor blocks development
* Strong Knowledge of Javascript, jQuery, Ajax, and REST APIs
* Problem Solving, Logic Building, and Research and Development Skills
* Knowledge of WP\\-CLI
* Strong communication skills.
* Work with challenging tasks and Team Leading Expertise.

**Responsibility:**

* Able to work independently with minimal supervision
* Flexibility, energy, and ability to work well with others in a team environment String problem\\-solving skills","","https://in.indeed.com/cmp/Innovative-Glance","","","","","",""
"in-d345bf81fe962dbf","indeed","https://in.indeed.com/viewjob?jk=d345bf81fe962dbf","https://www.womennovator.co.in/career-2/","UI/Front End Developer","Womennnovator","DL, IN","2025-01-05","","","","","","",False,"","","","","**Designation** UI/Front End Developer  

  

**Experience** ‚Äì 2\\-5 Year  

  

We are looking for someone who is an expert in UI design or front\\-end development to join our growing company  

  

**Who can apply** ‚Äì Candidate having 2\\-5 years of UI/front\\-end development experience. In\\-depth skills in writing JS code for performance and modularity. Ability to write well\\-abstracted, reusable and efficient code, and to correctly employ design patterns.  

  

**Requirements*** 2\\-5 years of experience into UI/Front End Development


* In\\-depth knowledge of Javascript
* Knowledge of ECMAScript 6


* Understanding of JS Frameworks like Angular.js or React.js is a plus


* Knowledge of CSS is a big plus


* Accuracy and attention to detail


* Self\\-development skills to keep up to date with fast\\-changing trends","","https://in.indeed.com/cmp/Womennnovator","","","","","",""
"in-000f0c1d12d4a232","indeed","https://in.indeed.com/viewjob?jk=000f0c1d12d4a232","https://nextbridgesolutions.com/?page_id=25530#","Associate Software Engineer","NextBridge Solutions","MH, IN","2025-01-05","fulltime, internship","","","","","",False,"","","","","An Inspiring Work Culture \\| Flexible Working Hours \\| Work Like Never Before
  
### **Recent Graduates**

We offers technical and business internships to students for 2 to 6 months and also full\\-time opportunities designed to empower you. Imagine the impact you can have and jumpstart your career. As we have successfully completed 5 yrs of execution.
### **Experienced Professionals**

Want to make a difference? So do we. Step in to explore the wealth of career opportunities and take your career to the next level.
  
Associate Software Engineer


  
**Job Description:**

**Roles and Responsibilities and Skills required for the profile:**

* Knowledge of one database SQL, Oracle, PostgreSQL, Informix/Sybase.
* Experience on web development HTML, PHP, ASP.Net, HTML5
* CTI (Computer Telephony Integration) based application development.
* Min one Programming knowledge on .Net, Java, Linux scripting, XML/VXML/CCXML.
* Knowledge on windows and Linux OS is must
* Basic knowledge on networking.
* Excellent written and oral communication skills in English Language.
* Willing to Travel on site
* Selected candidates have to sign two years of bond.
* Conducting analysis of website and application requirements.
* Writing back\\-end code and building efficient PHP modules.
* Developing back\\-end portals with an optimized database.
* Knowledge of PHP web frameworks including Yii, Laravel, and CodeIgniter.
* Proficient with code versioning tools including Git, Mercurial, CVS, and SVN

**Requirements:**

* Must have knowledge in Angular JS, NodeJS, Java script. And, HTML5, Web Services.
* Education Qualification (Degree/Branch): BCA, B.tech, BE
* Able to work with minimal supervision
* Excellent listeningand presentation skills","","https://in.indeed.com/cmp/Nextbridge-Solutions","","","","","",""
"in-d634fa6b8ec9662b","indeed","https://in.indeed.com/viewjob?jk=d634fa6b8ec9662b","https://nextbridgesolutions.com/?page_id=25530#","Application Software Engineer","NextBridge Solutions","MH, IN","2025-01-05","fulltime, internship","","","","","",False,"","","","","An Inspiring Work Culture \\| Flexible Working Hours \\| Work Like Never Before
  
### **Recent Graduates**

We offers technical and business internships to students for 2 to 6 months and also full\\-time opportunities designed to empower you. Imagine the impact you can have and jumpstart your career. As we have successfully completed 5 yrs of execution.
### **Experienced Professionals**

Want to make a difference? So do we. Step in to explore the wealth of career opportunities and take your career to the next level.
  
Application Software Engineer


  
**Job Description:**


Roles and Responsibilities and Skills required for the profile:

* Full Stack Developer with Dot Net, Java, JSP, SQL and C\\# with ASP, HTML and JavaScript language
* Avaya Experience Portal configurations
* Expert knowledge in IVR development and configurations using Orchestration Designer
* Ability to design call\\-flows from requirement documentation and workshops
* Experience in VXML, CXML, SSML, XML, JAVA, JSON and SVN repositories.
* Integration with the various back\\-end data systems, servers and adjuncts such as Web technology and application servers (Tomcat, WebSphere, IIS, Apache, WebLogic, etc.)
* Database via SQL, JDBC/ADO.NET (MS SQL Server/ Oracle / Postgres)
* Strong understanding of Natural Language design and Directed Dialogue design techniques for speech applications
* Good Knowledge with Avaya Contact Center CTI application and 3rd Party CRM integration such as Salesforce, Pega etc.
* Good knowledge in Avaya Contact center products such as Avaya Elite, Elite Multichannel, AACC etc.

**Requirements ‚Äì**

* 2\\+ Years of Experience as a Software Engineer.
* Experience in Angular JS, NodeJS, Java script. And, HTML5, Web Services.
* Education Qualification (Degree/Branch): BCA, B. tech, BE
* Able to work with minimal supervision
* Excellent listeningand presentation skills.
* Continuous learning \\& improving ability
* A good team player and adapt to new environment quickly","","https://in.indeed.com/cmp/Nextbridge-Solutions","","","","","",""
"in-c8015db191310d83","indeed","https://in.indeed.com/viewjob?jk=c8015db191310d83","http://in.indeed.com/job/wordpress-developer-c8015db191310d83","WordPress Developer","Yojna IAS","UP, IN","2025-01-05","fulltime","","","","","",True,"","","","","Job description

We are looking for an experienced Senior WordPress Developer to join our technology team.

* Implement new features, fix bugs, and optimize existing themes and plugins to enhance functionality, user experience, and site performance.
* Good understanding of front\\-end technologies, including HTML5, and CSS3**.**
* Optimize WordPress websites for maximum speed, scalability, and security, ensuring a smooth user experience for our student and educator audience.
* Ability to understand CSS changes and their ramifications to ensure consistency. style across platforms and browsers.
* Strong expertise in HTML, CSS, JavaScript, PHP, MySQL, and jQuery. Experience with modern JavaScript frameworks (React, Vue, etc.) is a plus.
* 2\\+ years of hands\\-on experience with WordPress development, including custom theme and plugin development.
* Keep up to date with the latest WordPress features, trends, and best practices to continuously improve and innovate on our platforms.

Work Remotely

* No

Job Type: Full\\-time

Salary: ‚Çπ15,000\\.00 \\- ‚Çπ30,000\\.00 per month

**Speak with the employer**  
\\+917678651357, 8595907566

Job Type: Full\\-time

Pay: ‚Çπ15,000\\.00 \\- ‚Çπ30,000\\.00 per month

Schedule:

* Day shift
* Morning shift

Ability to commute/relocate:

* Noida, Uttar Pradesh, Noida \\- 201301, Uttar Pradesh: Reliably commute or planning to relocate before starting work (Required)

Education:

* Bachelor's (Preferred)

Language:

* English \\& Hindi (Preferred)","","https://in.indeed.com/cmp/Yojna-Ias","","","","","",""
"in-c44d04ff8cd7f944","indeed","https://in.indeed.com/viewjob?jk=c44d04ff8cd7f944","http://in.indeed.com/job/full-stack-software-engineer-c44d04ff8cd7f944","Full Stack Software Engineer","GEEKRABIT PRIVATE LIMITED","Remote, IN","2025-01-05","fulltime","","","","","",True,"","","","ashutosh.geekrabit@gmail.com","Job Description: Full\\-Stack Software Engineer (Remote Opportunity)

**Company:** Geekrabit Private Limited  
**Job Type:** Remote, Full\\-Time  
**Experience Required:** 3\\+ years

**Role Overview:**  
Geekrabit Private Limited is urgently hiring a skilled **Full\\-Stack Software Engineer** to join our team and help develop our cutting\\-edge web\\-based supply chain platform. This is an excellent opportunity for professionals who thrive in a startup environment, enjoy building products from scratch, and have strong technical expertise.

**Key Responsibilities:**

* Design and develop web applications using **Node.js** and modern frameworks.
* Build and integrate **RESTful APIs** to connect with third\\-party systems like **TMS, CRM**, and accounting platforms (**QuickBooks, HubSpot, Stripe**).
* Collaborate on platform architecture and host applications using **AWS, Azure, or GCP**.
* Develop clean, scalable, and maintainable code following best practices.
* Create dynamic front\\-end components using frameworks like **React.js** or **Vue.js**.
* Ensure the platform's **security**, **scalability**, and **performance**.
* Deploy, monitor, and manage applications through **CI/CD pipelines**.
* Provide technical guidance on system requirements and feature implementation.

**Skills and Qualifications:**

* Minimum **3 years of full\\-stack development experience** with a focus on **Node.js** web applications.
* Expertise in designing and integrating **RESTful APIs** with external systems (e.g., **TMS, ERP**).
* Proficiency in cloud platforms like **AWS**, **Azure**, or **GCP** for application hosting and deployment.
* Strong front\\-end development skills in **React.js**, **Vue.js**, or similar libraries.
* Experience with databases such as **PostgreSQL** or **MongoDB**.
* Knowledge of **CI/CD pipelines**, **Docker**, and cloud infrastructure deployment.
* Independent problem\\-solving skills and the ability to thrive in a fast\\-paced environment.
* Collaborative mindset with excellent communication skills.

**What We Offer:**

* Opportunity to work remotely with a dynamic team.
* Collaborative startup environment with direct interaction with the founder.
* Chance to build and shape an innovative product from the ground up.

**How to Apply:**  
Send your updated CV to **ashutosh.geekrabit@gmail.com** with the subject line: *Application for Full\\-Stack Software Engineer Role*.

Join us in shaping the future of supply chain management with cutting\\-edge technology!

Job Types: Full\\-time, Permanent

Pay: ‚Çπ755,521\\.38 \\- ‚Çπ1,000,231\\.95 per year

Benefits:

* Health insurance
* Internet reimbursement
* Provident Fund
* Work from home

Supplemental Pay:

* Performance bonus

Education:

* Bachelor's (Preferred)

Experience:

* Full\\-stack development: 3 years (Required)
* Node.js: 3 years (Required)
* Azure: 3 years (Required)

Work Location: Remote","","https://in.indeed.com/cmp/Geekrabit-Private-Limited","","","","","",""
"in-8bd78599cfc8327a","indeed","https://in.indeed.com/viewjob?jk=8bd78599cfc8327a","http://in.indeed.com/job/flutter-developer-intern-8bd78599cfc8327a","Flutter Developer Intern","HANSRAJ VENTURES PVT LTD","WB, IN","2025-01-05","internship","","","","","",False,"","","","debasmita@hansrajventures.com","**Job Type:** Internship

**Position Title:** Flutter Developer  
**Experience Level:** 0 \\- 1 Year  
**Job Location:** Kolkata  
**Salary:** 10,000/\\-

**Key Responsibilities**

* Develop, test, and maintain mobile applications using Flutter and Dart.
* Collaborate with cross\\-functional teams to define, design, and deliver new features.
* Write clean, maintainable, and reusable code following best practices.
* Integrate third\\-party APIs and services into Flutter applications.
* Debug and resolve application issues and performance bottlenecks.
* Stay updated with the latest Flutter updates and trends to enhance app development.
* Participate in code reviews to ensure code quality and adherence to development standards.

**Required Skills \\& Qualifications**

* **Programming Languages:** Proficiency in Dart.
* **UI Development:** Experience with widgets, animations, and custom UI designs in Flutter.
* **API Integration:** Familiarity with RESTful APIs and JSON data.
* **Tools:** Experience with version control systems like Git.
* **Debugging:** Strong problem\\-solving and debugging skills.
* **Knowledge of Platforms:** Understanding of Android and iOS development nuances.
* **Communication:** Excellent communication and teamwork abilities.

Regards

Debasmita

Email ID: debasmita@hansrajventures.com

Job Type: Internship  
Contract length: 3 months

Pay: ‚Çπ10,000\\.00 per month

Schedule:

* Day shift

Work Location: In person","","https://in.indeed.com/cmp/Hansraj-Ventures-Pvt-Ltd-1","","","","","",""
"in-4a7d2cc323d775c2","indeed","https://in.indeed.com/viewjob?jk=4a7d2cc323d775c2","https://careers.cargill.com/job/-/-/23251/75489860720","Software Engineer","Cargill","KA, IN","2025-01-03","","","","","","",False,"","","","","Job Purpose and Impact
  
  

As a Software Engineer you will participate in the design and development of new and existing digital solutions for the digital portfolio. In this role, you will be a member of an agile engineering team and will discover and deliver solutions to moderately complex problems to enable the company's digital future. You will apply deep knowledge of software engineering and security practices to ensure solutions are scalable, resilient and robust. You will also contribute knowledge and hands on experience with modern practices and technologies to the shared engineering community. Key Accountabilities
  
  

* Apply software engineering patterns and principles to design, develop, test, integrate, maintain and troubleshoot moderately complex software solutions and incorporate security practices in newly developed and maintained applications.
* Partner with the team to adopt agile philosophies, participate in agile ceremonies and identify improvement opportunities.
* Participate in peer code review sessions both as a submitter and as a reviewer to ensure code quality.
* Incorporate the company's engineering and development practices within software development life cycle processes.
* Apply DevOps engineering principles to continuously integrate, test and deploy developed code.
* Participate in the engineering community by maintaining and sharing relevant technical approaches and modern skills.
* Independently solve moderately complex issues with minimal supervision, while escalating more complex issues to appropriate staff.
* Other duties as assigned. Qualifications


MINIMUM QUALIFICATIONS
  
* Bachelor's degree in a related field or equivalent experience.
* Confirmed experience working with automated pipelines for continuous integration, testing, delivery and security
* Confirmed experience architecting applications, databases, services, or integrations.
* Minimum of four years of related work experience.
* Confirmed 2 years of experience working with FullStack JavaScript.


PREFERRED QUALIFICATIONS
  
* Experience building Supply Chain applications and implementing Supply Chain software packages (SaaS/PaaS).
* Experience with C3\\.ai and/or o9 solutions.
* Proven ability to quickly learn new languages and platforms.
* Experience building automated pipelines for continuous integration, testing, delivery and security or working with these types of automations.","","https://in.indeed.com/cmp/Cargill","https://d2q79iu7y748jz.cloudfront.net/s/_squarelogo/256x256/cb0afe3c9605430fea7979d4f86e3a77","https://www.cargill.com/","Minneapolis, MN","10,000+","more than $10B (USD)","Cargill provides food, agriculture, financial and industrial products and services to the world."
"in-1b95858bb23d2750","indeed","https://in.indeed.com/viewjob?jk=1b95858bb23d2750","https://jobs.intel.com/job/-/-/599/75442581056","Full Stack Software Development Engineer","Intel Corporation","KA, IN","2025-01-02","fulltime","","","","","",False,"","","","","**Job Description**
-------------------

  

Designs, develops, tests, and debugs software applications used by endusers or integrated with other applications by ISVs. Development may span the full application stack including both frontend and backend application development. Uses modern software development methodologies and programming languages, follows secure coding practices and software legal compliance guidelines, analyzes user stories, writes both functional and test code, automates build and deployment, and performs unit integration and endtoend testing of applications. Completes SDL tasks with the assistance of product security engineers and provides input to technical writers to complete product documentation and procedures for installation and maintenance. May also interact with end users to define system requirements and/or necessary modifications.  

**Qualifications**
------------------

 **Job Description:**  

In this role you will be part of the dynamic team of Automation Software Engineers that develops and maintains wide spectrum of Software/AI applications enabling Intel Foundry. We are seeking a highly skilled full stack developer who is ready to work with technologies and architectures in a forward\\-thinking organization that's always pushing boundaries.  

The ideal candidate has experience in building software applications having a firm working knowledge on both the front\\-end and back\\-end technology stack, ultimately delivering amazing experiences for global users.  

  

**Responsibilities**

* Collaborate with cross\\-functional teams to Collect and document business requirements and convert into technical specificities.
* Design, develop, test, deploy, and maintain IT/Software solutions.
* Troubleshoot and debug issues reported by users and provide timely resolutions.
* Collaborating with cross geo stakeholders/teams on technical integration, testing, UAT.
* Participate in the design and implementation of automating business process and continuous integration/continuous deployment (CI/CD) pipelines.

**Preferred Qualifications**

* Proven 7\\+ years of experience as a Full Stack Developer or in a similar role.
* Knowledge of multiple front\\-end languages and libraries (e.g., HTML/ CSS, JavaScript, XML, jQuery).
* Experience with back\\-end languages (e.g., C\\#, .NET, Python) and JavaScript frameworks (e.g., Angular, React, ).
* Familiarity with databases (e.g., MSSQL , MongoDB), web servers (e.g., Apache),
* Excellent communication and teamwork skills.
* Great attention to detail and organizational skills.
* PowerBI and AI skills will be a bonus

**Preferred Education**

* B.Tech/B. E /M.Tech /MCA in Computer science or equivalent.

**Inside this Business Group**
------------------------------

  

As the world's largest chip manufacturer, Intel strives to make every facet of semiconductor manufacturing state\\-of\\-the\\-art \\- from semiconductor process development and manufacturing, through yield improvement to packaging, final test and optimization, and world class Supply Chain and facilities support. Employees in the Technology Development and Manufacturing Group are part of a worldwide network of design, development, manufacturing, and assembly/test facilities, all focused on utilizing the power of Moore‚Äôs Law to bring smart, connected devices to every person on Earth.  

**Posting Statement**
---------------------

  

All qualified applicants will receive consideration for employment without regard to race, color, religion, religious creed, sex, national origin, ancestry, age, physical or mental disability, medical condition, genetic information, military and veteran status, marital status, pregnancy, gender, gender expression, gender identity, sexual orientation, or any other characteristic protected by local law, regulation, or ordinance.  

**Benefits**
------------

  

We offer a total compensation package that ranks among the best in the industry. It consists of competitive pay, stock, bonuses, as well as, benefit programs which include health, retirement, and vacation. Find more information about all of our Amazing Benefits here.  

  

It has come to our notice that some people have received fake job interview letters ostensibly issued by Intel, inviting them to attend interviews in Intel‚Äôs offices for various positions and further requiring them to deposit money to be eligible for the interviews. We wish to bring to your notice that these letters are not issued by Intel or any of its authorized representatives. Hiring at Intel is based purely on merit and Intel does not ask or require candidates to deposit any money. We would urge people interested in working for Intel, to apply directly at https://jobs.intel.com/ and not fall prey to unscrupulous elements.  

**Working Model**
-----------------

  

This role will be eligible for our hybrid work model which allows employees to split their time between working on\\-site at their assigned Intel site and off\\-site. **\\* Job posting details (such as work model, location or time type) are subject to change.**","","https://in.indeed.com/cmp/Intel-Corporation","https://d2q79iu7y748jz.cloudfront.net/s/_squarelogo/256x256/a458bf4fc3f3de2f1a11c8236832b909","https://jobs.intel.com/","Santa Clara, CA","10,000+","more than $10B (USD)","Intel put the Silicon in Silicon Valley, and today our technology remains at the core of the most exciting, life-changing innovations on the planet."
"li-4115435317","linkedin","https://www.linkedin.com/jobs/view/4115435317","","SE (0-3 YOE), Pincode","PhonePe","Bengaluru, Karnataka, India","2025-01-03","","","","","","","","","","","","","","https://in.linkedin.com/company/phonepe-internet","","","","","",""
"li-4093878148","linkedin","https://www.linkedin.com/jobs/view/4093878148","","Web Solutions Engineer, University Graduate, 2025","Google","Gurgaon, Haryana, India","2025-01-03","","","","","","","","","","","","","","https://www.linkedin.com/company/google","","","","","",""
"li-4095525022","linkedin","https://www.linkedin.com/jobs/view/4095525022","","Software Developer 1","Oracle","Pune, Maharashtra, India","2025-01-03","","","","","","","","","","","","","","https://www.linkedin.com/company/oracle","","","","","",""
"li-4115443447","linkedin","https://www.linkedin.com/jobs/view/4115443447","","Software Engineer","Microsoft","Bengaluru, Karnataka, India","2025-01-03","","","","","","","","","","","","","","https://www.linkedin.com/company/microsoft","","","","","",""
"li-4068023025","linkedin","https://www.linkedin.com/jobs/view/4068023025","","Software Engineer - Backend","HDFC Bank","Gurugram, Haryana, India","2025-01-03","","","","","","","","","","","","","","https://in.linkedin.com/company/hdfc-bank","","","","","",""
"li-4115726448","linkedin","https://www.linkedin.com/jobs/view/4115726448","","Software Engineer (1-3 years)","PhonePe","Bengaluru, Karnataka, India","2025-01-03","","","","","","","","","","","","","","https://in.linkedin.com/company/phonepe-internet","","","","","",""
"li-4099777667","linkedin","https://www.linkedin.com/jobs/view/4099777667","","Software Engineer","Microsoft","Telangana, India","2025-01-03","","","","","","","","","","","","","","https://www.linkedin.com/company/microsoft","","","","","",""
"li-4096187138","linkedin","https://www.linkedin.com/jobs/view/4096187138","","Software Engineer, Front End, Google Cloud","Google","Bengaluru, Karnataka, India","2025-01-02","","","","","","","","","","","","","","https://www.linkedin.com/company/google","","","","","",""
"li-4095520697","linkedin","https://www.linkedin.com/jobs/view/4095520697","","Software Developer 1","Oracle","Hyderabad, Telangana, India","","","","","","","","","","","","","","","https://www.linkedin.com/company/oracle","","","","","",""
"li-3924348866","linkedin","https://www.linkedin.com/jobs/view/3924348866","","Software Engineer","PhonePe","Bengaluru, Karnataka, India","","","","","","","","","","","","","","","https://in.linkedin.com/company/phonepe-internet","","","","","",""
